{"bayesian": {"accuracy": [0.9444444444444444, 0.9365079365079365, 0.9444444444444444, 0.9333333333333333, 0.9166666666666666, 0.8888888888888888, 1.0], "precision": [0.9444444444444444, 0.9365079365079365, 0.9444444444444444, 0.9333333333333333, 0.9166666666666666, 0.8888888888888888, 1.0], "recall": [0.9444444444444444, 0.9365079365079365, 0.9444444444444444, 0.9333333333333333, 0.9166666666666666, 0.8888888888888888, 1.0], "f1": [0.9444444444444444, 0.9365079365079365, 0.9444444444444444, 0.9333333333333333, 0.9166666666666666, 0.8888888888888888, 1.0], "test_sizes": [0.4, 0.35000000000000003, 0.30000000000000004, 0.25000000000000006, 0.20000000000000007, 0.15000000000000008, 0.10000000000000007]}, "decision_tree": {"accuracy": [0.9166666666666666, 0.873015873015873, 0.9259259259259259, 0.9333333333333333, 0.9722222222222222, 0.7777777777777778, 1.0], "precision": [0.9166666666666666, 0.873015873015873, 0.9259259259259259, 0.9333333333333333, 0.9722222222222222, 0.7777777777777778, 1.0], "recall": [0.9166666666666666, 0.873015873015873, 0.9259259259259259, 0.9333333333333333, 0.9722222222222222, 0.7777777777777778, 1.0], "f1": [0.9166666666666666, 0.8730158730158731, 0.9259259259259259, 0.9333333333333333, 0.9722222222222222, 0.7777777777777778, 1.0], "test_sizes": [0.4, 0.35000000000000003, 0.30000000000000004, 0.25000000000000006, 0.20000000000000007, 0.15000000000000008, 0.10000000000000007]}, "bagging": {"accuracy": [0.9722222222222222, 0.9722222222222222, 0.9722222222222222, 0.9722222222222222, 0.9722222222222222, 0.9722222222222222], "precision": [0.9722222222222222, 0.9722222222222222, 0.9722222222222222, 0.9722222222222222, 0.9722222222222222, 0.9722222222222222], "recall": [0.9722222222222222, 0.9722222222222222, 0.9722222222222222, 0.9722222222222222, 0.9722222222222222, 0.9722222222222222], "f1": [0.9722222222222222, 0.9722222222222222, 0.9722222222222222, 0.9722222222222222, 0.9722222222222222, 0.9722222222222222], "n_estimators": [50, 60, 70, 80, 90, 100]}, "random_forest": {"accuracy": [1.0, 1.0, 1.0, 1.0, 1.0, 0.9722222222222222], "precision": [1.0, 1.0, 1.0, 1.0, 1.0, 0.9722222222222222], "recall": [1.0, 1.0, 1.0, 1.0, 1.0, 0.9722222222222222], "f1": [1.0, 1.0, 1.0, 1.0, 1.0, 0.9722222222222222], "n_estimators": [50, 60, 70, 80, 90, 100]}}